<?xml version="1.0" encoding="UTF-8"?><metadata>
    <idinfo>
        <citation>
            <citeinfo>
                <title>Community Business Enterprise (point locations)</title>
                <geoform>vector digital data</geoform>
            </citeinfo>
        </citation>
        <descript>
            <abstract>The Community Business Enterprise (CBE) Program encourages business owners who are minorities, women, disabled veterans, or disadvantaged to capitalize on opportunities in government and private-sector procurement programs. For more information, please see the LA County Department of Consumer &amp;amp; Business Affairs website. This layer is an extract of the CBE dataset in August 2021. In default settings, the layer is symbolized to highlight minority business enterprises (MBE). This layer is distinct from similar upload in that this layer has supervisor district (sup_dist) and service planning area (spa) as attributes, based on &amp;quot;center in&amp;quot; spatial join.

For more information about this dataset, please contact egis@isd.lacounty.gov</abstract>
            <purpose>This layer shows LA County DCBA certified Community Business Enterprises (CBE)</purpose>
        </descript>
        <keywords>
            <theme>
                <themekt>None</themekt>
                <themekey>dcba</themekey>
                <themekey>cbe</themekey>
                <themekey>community</themekey>
                <themekey>business</themekey>
                <themekey>enterprise</themekey>
                <themekey>ardi</themekey>
                <themekey>arpa</themekey>
                <themekey>equity explorer</themekey>
            </theme>
        </keywords>
        <accconst>None</accconst>
        <useconst>The data herein is for informational purposes, and may not have been prepared for or be suitable for legal, engineering, or surveying intents. The County of Los Angeles reserves the right to change, restrict or discontinue access at any time. All users of the maps and data presented on https://lacounty.maps.arcgis.com or deriving from any LA County REST URLs, agree to the following Terms of Use as outlined on the County of LA Enterprise GIS (eGIS) Hub (https://egis-lacounty.hub.arcgis.com/pages/terms-of-use).</useconst>
        <datacred>Los Angeles County DCBA, Los Angeles County ISD-eGIS</datacred>
        <native>Esri ArcGIS 12.8.0.29751</native>
    </idinfo>
    <spdoinfo>
        <direct>Vector</direct>
        <ptvctinf>
            <sdtsterm>
                <sdtstype>Entity point</sdtstype>
                <ptvctcnt>0</ptvctcnt>
            </sdtsterm>
        </ptvctinf>
    </spdoinfo>
    <eainfo>
        <detailed>
            <enttyp>
                <enttypl>DCBA_CBE_SPA_SD</enttypl>
            </enttyp>
            <attr>
                <attrlabl>OBJECTID</attrlabl>
                <attrdef>Internal feature number.</attrdef>
                <attrdefs>Esri</attrdefs>
                <attrdomv>
                                        
                    <udom>Sequential unique whole numbers that are automatically generated.</udom>
                                    
                </attrdomv>
            </attr>
            <attr>
                <attrlabl>Shape</attrlabl>
                <attrdef>Feature geometry.</attrdef>
                <attrdefs>Esri</attrdefs>
                <attrdomv>
                                        
                    <udom>Coordinates defining the features.</udom>
                                    
                </attrdomv>
            </attr>
            <attr>
                <attrlabl>Join_Count</attrlabl>
            </attr>
            <attr>
                <attrlabl>TARGET_FID</attrlabl>
            </attr>
            <attr>
                <attrlabl>Join_Count_1</attrlabl>
            </attr>
            <attr>
                <attrlabl>TARGET_FID_1</attrlabl>
            </attr>
            <attr>
                <attrlabl>Loc_name</attrlabl>
            </attr>
            <attr>
                <attrlabl>vendor_number</attrlabl>
            </attr>
            <attr>
                <attrlabl>name</attrlabl>
            </attr>
            <attr>
                <attrlabl>dba</attrlabl>
            </attr>
            <attr>
                <attrlabl>address_1</attrlabl>
            </attr>
            <attr>
                <attrlabl>address_2</attrlabl>
            </attr>
            <attr>
                <attrlabl>address_city</attrlabl>
            </attr>
            <attr>
                <attrlabl>address_state</attrlabl>
            </attr>
            <attr>
                <attrlabl>address_zip</attrlabl>
            </attr>
            <attr>
                <attrlabl>start_date</attrlabl>
            </attr>
            <attr>
                <attrlabl>exp_date</attrlabl>
            </attr>
            <attr>
                <attrlabl>entity</attrlabl>
            </attr>
            <attr>
                <attrlabl>business_type</attrlabl>
            </attr>
            <attr>
                <attrlabl>cbe_mbe</attrlabl>
            </attr>
            <attr>
                <attrlabl>cbe_wbe</attrlabl>
            </attr>
            <attr>
                <attrlabl>cbe_dbe</attrlabl>
            </attr>
            <attr>
                <attrlabl>dvbe</attrlabl>
            </attr>
            <attr>
                <attrlabl>in_lac</attrlabl>
            </attr>
            <attr>
                <attrlabl>SPA_NAME</attrlabl>
            </attr>
            <attr>
                <attrlabl>SPA_NUM</attrlabl>
            </attr>
            <attr>
                <attrlabl>sup_dist</attrlabl>
            </attr>
        </detailed>
    </eainfo>
    <metainfo>
        <metd>20210921</metd>
        <metstdn>FGDC Content Standard for Digital Geospatial Metadata</metstdn>
        <metstdv>FGDC-STD-001-1998</metstdv>
        <mettc>local time</mettc>
    </metainfo>
</metadata>
